
        <value name="ColorTable00" type="dword" data="00ffffff" />
        <value name="ColorTable01" type="dword" data="00000000" />
        <value name="ColorTable02" type="dword" data="00000000" />
        <value name="ColorTable03" type="dword" data="00000000" />
        <value name="ColorTable04" type="dword" data="00000000" />
        <value name="ColorTable05" type="dword" data="00000000" />
        <value name="ColorTable06" type="dword" data="00000000" />
        <value name="ColorTable07" type="dword" data="00242424" />
        <value name="ColorTable08" type="dword" data="00dbdbdb" />
        <value name="ColorTable09" type="dword" data="00000000" />
        <value name="ColorTable10" type="dword" data="00000000" />
        <value name="ColorTable11" type="dword" data="00000000" />
        <value name="ColorTable12" type="dword" data="00000000" />
        <value name="ColorTable13" type="dword" data="00000000" />
        <value name="ColorTable14" type="dword" data="00000000" />
        <value name="ColorTable15" type="dword" data="00000000" />
        <value name="ColorTable16" type="dword" data="00ffffff" />
        <value name="ColorTable17" type="dword" data="00000000" />
        <value name="ColorTable18" type="dword" data="00000000" />
        <value name="ColorTable19" type="dword" data="00000000" />
        <value name="ColorTable20" type="dword" data="00000000" />
        <value name="ColorTable21" type="dword" data="00000000" />
        <value name="ColorTable22" type="dword" data="00000000" />
        <value name="ColorTable23" type="dword" data="00242424" />
        <value name="ColorTable24" type="dword" data="00dbdbdb" />
        <value name="ColorTable25" type="dword" data="00000000" />
        <value name="ColorTable26" type="dword" data="00000000" />
        <value name="ColorTable27" type="dword" data="00000000" />
        <value name="ColorTable28" type="dword" data="00000000" />
        <value name="ColorTable29" type="dword" data="00000000" />
        <value name="ColorTable30" type="dword" data="00000000" />
        <value name="ColorTable31" type="dword" data="00000000" />
      