
        <value name="ColorTable00" type="dword" data="001f1c16" />
        <value name="ColorTable01" type="dword" data="00edaccc" />
        <value name="ColorTable02" type="dword" data="00afcc5a" />
        <value name="ColorTable03" type="dword" data="00e4c374" />
        <value name="ColorTable04" type="dword" data="00a2a6ef" />
        <value name="ColorTable05" type="dword" data="00dca3e6" />
        <value name="ColorTable06" type="dword" data="00cdca50" />
        <value name="ColorTable07" type="dword" data="00b6b5b5" />
        <value name="ColorTable08" type="dword" data="00383630" />
        <value name="ColorTable09" type="dword" data="00edaccc" />
        <value name="ColorTable10" type="dword" data="00afcc5a" />
        <value name="ColorTable11" type="dword" data="00e4c374" />
        <value name="ColorTable12" type="dword" data="00a2a6ef" />
        <value name="ColorTable13" type="dword" data="00efb8a3" />
        <value name="ColorTable14" type="dword" data="0085afe0" />
        <value name="ColorTable15" type="dword" data="00cfcfcf" />
        <value name="ColorTable16" type="dword" data="001f1c16" />
        <value name="ColorTable17" type="dword" data="00a2a6ef" />
        <value name="ColorTable18" type="dword" data="00afcc5a" />
        <value name="ColorTable19" type="dword" data="00cdca50" />
        <value name="ColorTable20" type="dword" data="00edaccc" />
        <value name="ColorTable21" type="dword" data="00dca3e6" />
        <value name="ColorTable22" type="dword" data="00e4c374" />
        <value name="ColorTable23" type="dword" data="00b6b5b5" />
        <value name="ColorTable24" type="dword" data="00383630" />
        <value name="ColorTable25" type="dword" data="00a2a6ef" />
        <value name="ColorTable26" type="dword" data="00afcc5a" />
        <value name="ColorTable27" type="dword" data="0085afe0" />
        <value name="ColorTable28" type="dword" data="00edaccc" />
        <value name="ColorTable29" type="dword" data="00efb8a3" />
        <value name="ColorTable30" type="dword" data="00e4c374" />
        <value name="ColorTable31" type="dword" data="00cfcfcf" />
      