{
  "name": "Themer Light",
  "background": "#ffffff",
  "foreground": "#242424",
  "cursorColor": "#000000",
  "selectionBackground": "#000000",
  "black": "#242424",
  "brightBlack": "#494949",
  "red": "#000000",
  "brightRed": "#333333",
  "green": "#000000",
  "brightGreen": "#333333",
  "yellow": "#000000",
  "brightYellow": "#333333",
  "blue": "#000000",
  "brightBlue": "#333333",
  "purple": "#000000",
  "brightPurple": "#333333",
  "cyan": "#000000",
  "brightCyan": "#333333",
  "white": "#b6b6b6",
  "brightWhite": "#dbdbdb"
}