{
  "name": "Themer Light",
  "type": "light",
  "colors": {
    "focusBorder": "#000000",
    "foreground": "#000000",
    "widget.shadow": "#00000066",
    "selection.background": "#b6b6b6",
    "descriptionForeground": "#242424",
    "errorForeground": "#000000",
    "icon.foreground": "#242424",
    "sash.hoverBorder": "#000000",
    "textBlockQuote.background": "#dbdbdb",
    "textBlockQuote.border": "#dbdbdb",
    "textCodeBlock.background": "#ffffff",
    "textLink.activeForeground": "#000000",
    "textLink.foreground": "#000000",
    "textPreformat.foreground": "#000000",
    "textSeparator.foreground": "#6d6d6d",
    "button.background": "#000000",
    "button.foreground": "#ffffff",
    "button.hoverBackground": "#000000",
    "button.secondaryForeground": "#ffffff",
    "button.secondaryBackground": "#242424",
    "button.secondaryHoverBackground": "#494949",
    "checkbox.background": "#000000",
    "checkbox.foreground": "#ffffff",
    "checkbox.border": "#dbdbdb",
    "dropdown.background": "#dbdbdb",
    "dropdown.listBackground": "#dbdbdb",
    "dropdown.border": "#dbdbdb",
    "dropdown.foreground": "#242424",
    "input.background": "#dbdbdb",
    "input.border": "#dbdbdb",
    "input.foreground": "#242424",
    "input.placeholderForeground": "#b6b6b6",
    "inputOption.activeBackground": "#b6b6b6",
    "inputOption.activeBorder": "#000000",
    "inputOption.activeForeground": "#000000",
    "inputValidation.errorBackground": "#dbdbdb",
    "inputValidation.errorForeground": "#000000",
    "inputValidation.errorBorder": "#000000",
    "inputValidation.infoBackground": "#dbdbdb",
    "inputValidation.infoForeground": "#000000",
    "inputValidation.infoBorder": "#000000",
    "inputValidation.warningBackground": "#dbdbdb",
    "inputValidation.warningForeground": "#000000",
    "inputValidation.warningBorder": "#000000",
    "scrollbar.shadow": "#00000066",
    "scrollbarSlider.activeBackground": "#4949497f",
    "scrollbarSlider.background": "#9292927f",
    "scrollbarSlider.hoverBackground": "#6d6d6d7f",
    "badge.foreground": "#ffffff",
    "badge.background": "#000000",
    "progressBar.background": "#000000",
    "list.activeSelectionBackground": "#00000033",
    "list.activeSelectionForeground": "#000000",
    "list.dropBackground": "#dbdbdb",
    "list.focusBackground": "#9292923f",
    "list.focusForeground": "#000000",
    "list.highlightForeground": "#000000",
    "list.hoverBackground": "#dbdbdb33",
    "list.hoverForeground": "#000000",
    "list.inactiveSelectionBackground": "#b6b6b63f",
    "list.inactiveSelectionForeground": "#242424",
    "list.inactiveFocusBackground": "#dbdbdb3f",
    "list.invalidItemForeground": "#000000",
    "list.errorForeground": "#000000",
    "list.warningForeground": "#000000",
    "listFilterWidget.background": "#dbdbdb",
    "listFilterWidget.outline": "#000000",
    "listFilterWidget.noMatchesOutline": "#000000",
    "list.filterMatchBackground": "#00000033",
    "list.filterMatchBorder": "#00000033",
    "tree.indentGuidesStroke": "#dbdbdb",
    "list.deemphasizedForeground": "#6d6d6d",
    "activityBar.background": "#ffffff",
    "activityBar.dropBorder": "#000000",
    "activityBar.foreground": "#494949",
    "activityBar.inactiveForeground": "#6d6d6d",
    "activityBar.border": "#ffffff",
    "activityBarBadge.background": "#000000",
    "activityBarBadge.foreground": "#ffffff",
    "activityBar.activeBorder": "#242424",
    "activityBar.activeBackground": "#dbdbdb33",
    "activityBar.activeFocusBorder": "#000000",
    "sideBar.background": "#ffffff",
    "sideBar.foreground": "#242424",
    "sideBar.border": "#dbdbdb",
    "sideBar.dropBackground": "#dbdbdb3f",
    "sideBarTitle.foreground": "#494949",
    "sideBarSectionHeader.background": "#b6b6b6",
    "sideBarSectionHeader.foreground": "#242424",
    "sideBarSectionHeader.border": "#ffffff",
    "minimap.findMatchHighlight": "#000000",
    "minimap.selectionHighlight": "#00000080",
    "minimap.errorHighlight": "#00000080",
    "minimap.warningHighlight": "#00000080",
    "minimap.background": "#ffffff",
    "minimapSlider.background": "#dbdbdb33",
    "minimapSlider.hoverBackground": "#b6b6b633",
    "minimapSlider.activeBackground": "#92929233",
    "minimapGutter.addedBackground": "#00000080",
    "minimapGutter.modifiedBackground": "#00000080",
    "minimapGutter.deletedBackground": "#00000080",
    "editorGroup.border": "#dbdbdb",
    "editorGroup.dropBackground": "#b6b6b67f",
    "editorGroupHeader.noTabsBackground": "#ffffff",
    "editorGroupHeader.tabsBackground": "#ffffff",
    "editorGroupHeader.tabsBorder": "#ffffff",
    "editorGroupHeader.border": "#ffffff",
    "editorGroup.emptyBackground": "#ffffff",
    "editorGroup.focusedEmptyBorder": "#dbdbdb",
    "tab.activeBackground": "#ffffff",
    "tab.unfocusedActiveBackground": "#ffffff",
    "tab.activeForeground": "#242424",
    "tab.border": "#ffffff",
    "tab.lastPinnedBorder": "#000000",
    "tab.inactiveBackground": "#dbdbdb",
    "tab.unfocusedInactiveBackground": "#dbdbdb",
    "tab.inactiveForeground": "#929292",
    "tab.unfocusedActiveForeground": "#929292",
    "tab.unfocusedInactiveForeground": "#b6b6b6",
    "tab.hoverBackground": "#dbdbdb80",
    "tab.unfocusedHoverBackground": "#dbdbdb80",
    "tab.hoverForeground": "#494949",
    "tab.unfocusedHoverForeground": "#6d6d6d",
    "tab.activeModifiedBorder": "#000000",
    "tab.inactiveModifiedBorder": "#000000",
    "tab.unfocusedActiveModifiedBorder": "#000000",
    "tab.unfocusedInactiveModifiedBorder": "#000000",
    "editorPane.background": "#ffffff",
    "editor.background": "#ffffff",
    "editor.foreground": "#000000",
    "editorLineNumber.foreground": "#b6b6b6",
    "editorLineNumber.activeForeground": "#6d6d6d",
    "editorCursor.background": "#ffffff",
    "editorCursor.foreground": "#000000",
    "editor.selectionBackground": "#00000033",
    "editor.selectionForeground": "#000000",
    "editor.inactiveSelectionBackground": "#00000033",
    "editor.selectionHighlightBackground": "#dbdbdb",
    "editor.wordHighlightBackground": "#00000033",
    "editor.wordHighlightStrongBackground": "#00000033",
    "editor.findMatchBackground": "#0000003f",
    "editor.findMatchHighlightBackground": "#00000033",
    "editor.findRangeHighlightBackground": "#dbdbdb",
    "editor.hoverHighlightBackground": "#b6b6b67f",
    "editor.lineHighlightBackground": "#ffffff",
    "editor.lineHighlightBorder": "#dbdbdb",
    "editorLink.activeForeground": "#000000",
    "editor.rangeHighlightBackground": "#00000033",
    "editor.symbolHighlightBackground": "#00000033",
    "editorWhitespace.foreground": "#dbdbdb",
    "editorIndentGuide.background": "#dbdbdb",
    "editorIndentGuide.activeBackground": "#b6b6b6",
    "editorRuler.foreground": "#dbdbdb",
    "editorCodeLens.foreground": "#494949",
    "editorLightBulb.foreground": "#000000",
    "editorLightBulbAutoFix.foreground": "#000000",
    "editorBracketMatch.background": "#dbdbdb",
    "editorBracketMatch.border": "#b6b6b6",
    "editor.foldBackground": "#dbdbdb66",
    "editorOverviewRuler.border": "#dbdbdb",
    "editorOverviewRuler.findMatchForeground": "#000000bf",
    "editorOverviewRuler.rangeHighlightForeground": "#b6b6b6bf",
    "editorOverviewRuler.selectionHighlightForeground": "#dbdbdbbf",
    "editorOverviewRuler.wordHighlightForeground": "#b6b6b6bf",
    "editorOverviewRuler.wordHighlightStrongForeground": "#929292bf",
    "editorOverviewRuler.modifiedForeground": "#0000007f",
    "editorOverviewRuler.addedForeground": "#0000007f",
    "editorOverviewRuler.deletedForeground": "#0000007f",
    "editorOverviewRuler.errorForeground": "#0000007f",
    "editorOverviewRuler.warningForeground": "#0000007f",
    "editorOverviewRuler.infoForeground": "#0000007f",
    "editorOverviewRuler.bracketMatchForeground": "#929292",
    "editorError.foreground": "#000000",
    "editorError.border": "#000000",
    "editorWarning.foreground": "#000000",
    "editorWarning.border": "#242424",
    "editorInfo.foreground": "#000000",
    "editorInfo.border": "#494949",
    "editorHint.foreground": "#000000",
    "editorHint.border": "#6d6d6d",
    "problemsErrorIcon.foreground": "#000000",
    "problemsWarningIcon.foreground": "#000000",
    "problemsInfoIcon.foreground": "#000000",
    "editorUnnecessaryCode.opacity": "#0000007f",
    "editorGutter.background": "#ffffff",
    "editorGutter.modifiedBackground": "#000000",
    "editorGutter.addedBackground": "#000000",
    "editorGutter.deletedBackground": "#000000",
    "editorGutter.commentRangeForeground": "#929292",
    "editorGutter.foldingControlForeground": "#494949",
    "diffEditor.insertedTextBackground": "#00000020",
    "diffEditor.removedTextBackground": "#00000020",
    "diffEditor.border": "#dbdbdb",
    "diffEditor.diagonalFill": "#dbdbdb7f",
    "editorWidget.foreground": "#242424",
    "editorWidget.background": "#dbdbdb",
    "editorWidget.border": "#dbdbdb",
    "editorWidget.resizeBorder": "#000000",
    "editorSuggestWidget.background": "#dbdbdb",
    "editorSuggestWidget.border": "#dbdbdb",
    "editorSuggestWidget.foreground": "#242424",
    "editorSuggestWidget.highlightForeground": "#000000",
    "editorSuggestWidget.selectedBackground": "#b6b6b6",
    "editorHoverWidget.foreground": "#242424",
    "editorHoverWidget.background": "#dbdbdb",
    "editorHoverWidget.border": "#dbdbdb",
    "editorHoverWidget.statusBarBackground": "#00000033",
    "debugExceptionWidget.background": "#dbdbdb",
    "debugExceptionWidget.border": "#dbdbdb",
    "editorMarkerNavigation.background": "#dbdbdb",
    "editorMarkerNavigationError.background": "#000000",
    "editorMarkerNavigationWarning.background": "#000000",
    "editorMarkerNavigationInfo.background": "#000000",
    "peekView.border": "#000000",
    "peekViewEditor.background": "#dbdbdb7f",
    "peekViewEditorGutter.background": "#dbdbdb7f",
    "peekViewEditor.matchHighlightBackground": "#0000007f",
    "peekViewResult.background": "#dbdbdb",
    "peekViewResult.fileForeground": "#242424",
    "peekViewResult.lineForeground": "#b6b6b6",
    "peekViewResult.matchHighlightBackground": "#000000",
    "peekViewResult.selectionBackground": "#929292",
    "peekViewResult.selectionForeground": "#000000",
    "peekViewTitle.background": "#dbdbdb",
    "peekViewTitleDescription.foreground": "#494949",
    "peekViewTitleLabel.foreground": "#000000",
    "merge.currentHeaderBackground": "#0000004c",
    "merge.currentContentBackground": "#0000004c",
    "merge.incomingHeaderBackground": "#0000004c",
    "merge.incomingContentBackground": "#0000004c",
    "merge.border": "#6d6d6d",
    "merge.commonContentBackground": "#0000004c",
    "merge.commonHeaderBackground": "#0000004c",
    "editorOverviewRuler.currentContentForeground": "#000000",
    "editorOverviewRuler.incomingContentForeground": "#000000",
    "editorOverviewRuler.commonContentForeground": "#000000",
    "panel.background": "#ffffff",
    "panel.border": "#dbdbdb",
    "panel.dropBorder": "#000000",
    "panelTitle.activeBorder": "#929292",
    "panelTitle.activeForeground": "#242424",
    "panelTitle.inactiveForeground": "#6d6d6d",
    "panelSection.border": "#dbdbdb",
    "panelSection.dropBackground": "#dbdbdb3f",
    "panelSectionHeader.background": "#b6b6b6",
    "panelSectionHeader.foreground": "#242424",
    "panelSectionHeader.border": "#ffffff",
    "imagePreview.border": "#dbdbdb",
    "statusBar.background": "#000000",
    "statusBar.foreground": "#ffffff",
    "statusBar.border": "#ffffff",
    "statusBar.debuggingBackground": "#000000",
    "statusBar.debuggingForeground": "#ffffff",
    "statusBar.debuggingBorder": "#ffffff",
    "statusBar.noFolderBackground": "#000000",
    "statusBar.noFolderForeground": "#ffffff",
    "statusBar.noFolderBorder": "#ffffff",
    "statusBarItem.activeBackground": "#000000",
    "statusBarItem.hoverBackground": "#000000",
    "statusBarItem.prominentBackground": "#000000",
    "statusBarItem.prominentHoverBackground": "#000000",
    "statusBarItem.remoteBackground": "#000000",
    "statusBarItem.remoteForeground": "#ffffff",
    "statusBarItem.errorBackground": "#000000",
    "statusBarItem.errorForeground": "#ffffff",
    "titleBar.activeBackground": "#ffffff",
    "titleBar.activeForeground": "#494949",
    "titleBar.inactiveBackground": "#ffffff",
    "titleBar.inactiveForeground": "#929292",
    "menubar.selectionForeground": "#000000",
    "menubar.selectionBackground": "#dbdbdb",
    "menu.foreground": "#242424",
    "menu.background": "#ffffff",
    "menu.selectionForeground": "#000000",
    "menu.selectionBackground": "#dbdbdb",
    "menu.separatorBackground": "#b6b6b6",
    "notificationCenterHeader.foreground": "#242424",
    "notificationCenterHeader.background": "#b6b6b6",
    "notificationToast.border": "#929292",
    "notifications.foreground": "#000000",
    "notifications.background": "#dbdbdb",
    "notifications.border": "#929292",
    "notificationLink.foreground": "#000000",
    "notificationsErrorIcon.foreground": "#000000",
    "notificationsWarningIcon.foreground": "#000000",
    "notificationsInfoIcon.foreground": "#000000",
    "extensionButton.prominentForeground": "#ffffff",
    "extensionButton.prominentBackground": "#000000",
    "extensionButton.prominentHoverBackground": "#000000",
    "extensionBadge.remoteBackground": "#000000",
    "extensionBadge.remoteForeground": "#ffffff",
    "pickerGroup.border": "#b6b6b6",
    "pickerGroup.foreground": "#6d6d6d",
    "quickInput.background": "#dbdbdb",
    "quickInput.foreground": "#000000",
    "quickInputTitle.background": "#b6b6b6",
    "terminal.background": "#ffffff",
    "terminal.foreground": "#242424",
    "terminal.ansiBlack": "#ffffff",
    "terminal.ansiBlue": "#000000",
    "terminal.ansiBrightBlack": "#dbdbdb",
    "terminal.ansiBrightBlue": "#000000",
    "terminal.ansiBrightCyan": "#000000",
    "terminal.ansiBrightGreen": "#000000",
    "terminal.ansiBrightMagenta": "#000000",
    "terminal.ansiBrightRed": "#000000",
    "terminal.ansiBrightWhite": "#000000",
    "terminal.ansiBrightYellow": "#000000",
    "terminal.ansiCyan": "#000000",
    "terminal.ansiGreen": "#000000",
    "terminal.ansiMagenta": "#000000",
    "terminal.ansiRed": "#000000",
    "terminal.ansiWhite": "#242424",
    "terminal.ansiYellow": "#000000",
    "terminal.selectionBackground": "#0000007f",
    "terminalCursor.background": "#dbdbdb",
    "terminalCursor.foreground": "#494949",
    "debugToolBar.background": "#dbdbdb",
    "debugToolBar.border": "#b6b6b6",
    "editor.stackFrameHighlightBackground": "#0000003f",
    "editor.focusedStackFrameHighlightBackground": "#0000003f",
    "debugView.exceptionLabelForeground": "#000000",
    "debugView.exceptionLabelBackground": "#dbdbdb",
    "debugView.stateLabelForeground": "#000000",
    "debugView.stateLabelBackground": "#dbdbdb",
    "debugView.valueChangedHighlight": "#00000033",
    "debugTokenExpression.name": "#000000",
    "debugTokenExpression.value": "#000000",
    "debugTokenExpression.string": "#000000",
    "debugTokenExpression.boolean": "#000000",
    "debugTokenExpression.number": "#000000",
    "debugTokenExpression.error": "#000000",
    "testing.iconFailed": "#000000",
    "testing.iconErrored": "#000000",
    "testing.iconPassed": "#000000",
    "testing.runAction": "#000000",
    "testing.iconQueued": "#000000",
    "testing.iconUnset": "#494949",
    "testing.iconSkipped": "#6d6d6d",
    "testing.peekBorder": "#929292",
    "testing.message.error.decorationForeground": "#000000",
    "testing.message.error.lineBackground": "#0000003f",
    "testing.message.warning.decorationForeground": "#000000",
    "testing.message.warning.lineBackground": "#0000003f",
    "testing.message.info.decorationForeground": "#000000",
    "testing.message.info.lineBackground": "#0000003f",
    "testing.message.hint.decorationForeground": "#000000",
    "testing.message.hint.lineBackground": "#0000003f",
    "welcomePage.background": "#ffffff",
    "welcomePage.buttonBackground": "#dbdbdb",
    "welcomePage.buttonHoverBackground": "#b6b6b6",
    "welcomePage.progress.background": "#000000",
    "welcomePage.progress.foreground": "#ffffff",
    "walkThrough.embeddedEditorBackground": "#ffffff",
    "scm.providerBorder": "#b6b6b6",
    "gitDecoration.addedResourceForeground": "#000000",
    "gitDecoration.modifiedResourceForeground": "#000000",
    "gitDecoration.stageModifiedResourceForeground": "#000000",
    "gitDecoration.deletedResourceForeground": "#000000",
    "gitDecoration.stageDeletedResourceForeground": "#000000",
    "gitDecoration.untrackedResourceForeground": "#000000",
    "gitDecoration.ignoredResourceForeground": "#929292",
    "gitDecoration.conflictingResourceForeground": "#000000",
    "gitDecoration.submoduleResourceForeground": "#000000",
    "settings.headerForeground": "#000000",
    "settings.modifiedItemIndicator": "#000000",
    "settings.dropdownBackground": "#dbdbdb",
    "settings.dropdownForeground": "#242424",
    "settings.dropdownListBorder": "#b6b6b6",
    "settings.checkboxBackground": "#000000",
    "settings.checkboxForeground": "#ffffff",
    "settings.checkboxBorder": "#000000",
    "settings.textInputBackground": "#dbdbdb",
    "settings.textInputForeground": "#242424",
    "settings.numberInputBackground": "#dbdbdb",
    "settings.numberInputForeground": "#242424",
    "settings.focusedRowBackground": "#ffffff",
    "notebook.focusedRowBorder": "#000000",
    "notebook.rowHoverBackground": "#dbdbdb7f",
    "breadcrumb.foreground": "#494949",
    "breadcrumb.background": "#ffffff",
    "breadcrumb.focusForeground": "#242424",
    "breadcrumb.activeSelectionForeground": "#000000",
    "breadcrumbPicker.background": "#ffffff",
    "editor.snippetTabstopHighlightBackground": "#dbdbdb7f",
    "editor.snippetFinalTabstopHighlightBackground": "#b6b6b67f",
    "symbolIcon.arrayForeground": "#000000",
    "symbolIcon.booleanForeground": "#000000",
    "symbolIcon.classForeground": "#000000",
    "symbolIcon.colorForeground": "#000000",
    "symbolIcon.constantForeground": "#000000",
    "symbolIcon.constructorForeground": "#000000",
    "symbolIcon.enumeratorForeground": "#000000",
    "symbolIcon.enumeratorMemberForeground": "#000000",
    "symbolIcon.eventForeground": "#000000",
    "symbolIcon.fieldForeground": "#000000",
    "symbolIcon.fileForeground": "#242424",
    "symbolIcon.folderForeground": "#494949",
    "symbolIcon.functionForeground": "#000000",
    "symbolIcon.interfaceForeground": "#000000",
    "symbolIcon.keyForeground": "#000000",
    "symbolIcon.keywordForeground": "#000000",
    "symbolIcon.methodForeground": "#000000",
    "symbolIcon.moduleForeground": "#000000",
    "symbolIcon.namespaceForeground": "#000000",
    "symbolIcon.nullForeground": "#000000",
    "symbolIcon.numberForeground": "#000000",
    "symbolIcon.objectForeground": "#000000",
    "symbolIcon.operatorForeground": "#000000",
    "symbolIcon.packageForeground": "#000000",
    "symbolIcon.propertyForeground": "#000000",
    "symbolIcon.referenceForeground": "#000000",
    "symbolIcon.snippetForeground": "#494949",
    "symbolIcon.stringForeground": "#000000",
    "symbolIcon.structForeground": "#000000",
    "symbolIcon.textForeground": "#000000",
    "symbolIcon.typeParameterForeground": "#000000",
    "symbolIcon.unitForeground": "#000000",
    "symbolIcon.variableForeground": "#000000",
    "debugIcon.breakpointForeground": "#000000",
    "debugIcon.breakpointDisabledForeground": "#6d6d6d",
    "debugIcon.breakpointUnverifiedForeground": "#494949",
    "debugIcon.breakpointCurrentStackframeForeground": "#000000",
    "debugIcon.breakpointStackframeForeground": "#000000",
    "debugIcon.startForeground": "#000000",
    "debugIcon.pauseForeground": "#000000",
    "debugIcon.stopForeground": "#000000",
    "debugIcon.disconnectForeground": "#000000",
    "debugIcon.restartForeground": "#000000",
    "debugIcon.stepOverForeground": "#000000",
    "debugIcon.stepIntoForeground": "#000000",
    "debugIcon.stepOutForeground": "#000000",
    "debugIcon.continueForeground": "#000000",
    "debugIcon.stepBackForeground": "#000000",
    "debugConsole.infoForeground": "#000000",
    "debugConsole.warningForeground": "#000000",
    "debugConsole.errorForeground": "#000000",
    "debugConsole.sourceForeground": "#000000",
    "debugConsoleInputIcon.foreground": "#6d6d6d",
    "notebook.cellBorderColor": "#dbdbdb3f",
    "notebook.focusedEditorBorder": "#dbdbdb",
    "notebookStatusSuccessIcon.foreground": "#000000",
    "notebookStatusErrorIcon.foreground": "#000000",
    "notebookStatusRunningIcon.foreground": "#000000",
    "notebook.outputContainerBackgroundColor": "#ffffff",
    "notebook.cellToolbarSeparator": "#dbdbdb3f",
    "notebook.focusedCellBackground": "#dbdbdb7f",
    "notebook.cellHoverBackground": "#dbdbdb3f",
    "notebook.focusedCellBorder": "#000000",
    "notebook.focusedCellShadow": "#0000003f",
    "notebook.selectedCellBorder": "#6d6d6d",
    "notebook.cellStatusBarItemHoverBackground": "#dbdbdb3f",
    "notebook.cellInsertionIndicator": "#000000",
    "notebookScrollbarSlider.background": "#9292927f",
    "notebookScrollbarSlider.hoverBackground": "#6d6d6d7f",
    "notebookScrollbarSlider.activeBackground": "#4949497f",
    "notebook.symbolHighlightBackground": "#0000003f",
    "notebook.inactiveFocusedCellBorder": "#494949",
    "charts.foreground": "#242424",
    "charts.lines": "#929292",
    "charts.red": "#000000",
    "charts.blue": "#000000",
    "charts.yellow": "#000000",
    "charts.orange": "#000000",
    "charts.green": "#000000",
    "charts.purple": "#000000"
  },
  "tokenColors": [
    {
      "settings": {
        "background": "#ffffff",
        "foreground": "#242424",
        "selectionBorder": "#494949",
        "findHighlight": "#000000",
        "findHighlightForeground": "#ffffff",
        "activeGuide": "#000000",
        "bracketsForeground": "#2424247F",
        "bracketsOptions": "stippled_underline",
        "bracketsContentsForeground": "#2424247F",
        "tagsOptions": "stippled_underline"
      }
    },
    {
      "name": "Comment",
      "scope": "comment",
      "settings": {
        "foreground": "#929292"
      }
    },
    {
      "name": "Constant",
      "scope": "constant",
      "settings": {
        "foreground": "#000000"
      }
    },
    {
      "name": "Entity",
      "scope": "entity",
      "settings": {
        "foreground": "#000000"
      }
    },
    {
      "name": "Invalid",
      "scope": "invalid",
      "settings": {
        "foreground": "#000000"
      }
    },
    {
      "name": "Keyword",
      "scope": "keyword",
      "settings": {
        "foreground": "#000000"
      }
    },
    {
      "name": "Storage",
      "scope": "storage",
      "settings": {
        "foreground": "#000000"
      }
    },
    {
      "name": "String",
      "scope": "string",
      "settings": {
        "foreground": "#000000"
      }
    },
    {
      "name": "Support",
      "scope": "support",
      "settings": {
        "foreground": "#000000"
      }
    },
    {
      "name": "Variable",
      "scope": "variable",
      "settings": {
        "foreground": "#000000"
      }
    },
    {
      "name": "Markup Heading",
      "scope": "markup.heading",
      "settings": {
        "foreground": "#000000"
      }
    },
    {
      "name": "Markup Deleted",
      "scope": "markup.deleted",
      "settings": {
        "foreground": "#000000"
      }
    },
    {
      "name": "Markup Inserted",
      "scope": "markup.inserted",
      "settings": {
        "foreground": "#000000"
      }
    },
    {
      "name": "Markup Changed",
      "scope": "markup.changed",
      "settings": {
        "foreground": "#000000"
      }
    },
    {
      "name": "Markup Underline",
      "scope": "markup.underline",
      "settings": {
        "fontStyle": "underline"
      }
    },
    {
      "name": "Markup Underline Link",
      "scope": "markup.underline.link",
      "settings": {
        "foreground": "#000000"
      }
    },
    {
      "name": "Markup List",
      "scope": "markup.list",
      "settings": {
        "foreground": "#000000"
      }
    },
    {
      "name": "Markup Raw",
      "scope": "markup.raw",
      "settings": {
        "foreground": "#000000"
      }
    }
  ]
}