{
  "name": "Themer Dark",
  "type": "dark",
  "colors": {
    "focusBorder": "#e6a3dc",
    "foreground": "#cfcfcf",
    "widget.shadow": "#161c1f",
    "selection.background": "#4b4f51",
    "descriptionForeground": "#b5b5b6",
    "errorForeground": "#efa6a2",
    "icon.foreground": "#b5b5b6",
    "sash.hoverBorder": "#ccaced",
    "textBlockQuote.background": "#303638",
    "textBlockQuote.border": "#303638",
    "textCodeBlock.background": "#161c1f",
    "textLink.activeForeground": "#74c3e4",
    "textLink.foreground": "#ccaced",
    "textPreformat.foreground": "#50cacd",
    "textSeparator.foreground": "#808284",
    "button.background": "#ccaced",
    "button.foreground": "#161c1f",
    "button.hoverBackground": "#74c3e4",
    "button.secondaryForeground": "#161c1f",
    "button.secondaryBackground": "#b5b5b6",
    "button.secondaryHoverBackground": "#9a9c9d",
    "checkbox.background": "#ccaced",
    "checkbox.foreground": "#161c1f",
    "checkbox.border": "#303638",
    "dropdown.background": "#303638",
    "dropdown.listBackground": "#303638",
    "dropdown.border": "#303638",
    "dropdown.foreground": "#b5b5b6",
    "input.background": "#303638",
    "input.border": "#303638",
    "input.foreground": "#b5b5b6",
    "input.placeholderForeground": "#4b4f51",
    "inputOption.activeBackground": "#4b4f51",
    "inputOption.activeBorder": "#74c3e4",
    "inputOption.activeForeground": "#cfcfcf",
    "inputValidation.errorBackground": "#303638",
    "inputValidation.errorForeground": "#efa6a2",
    "inputValidation.errorBorder": "#efa6a2",
    "inputValidation.infoBackground": "#303638",
    "inputValidation.infoForeground": "#ccaced",
    "inputValidation.infoBorder": "#ccaced",
    "inputValidation.warningBackground": "#303638",
    "inputValidation.warningForeground": "#50cacd",
    "inputValidation.warningBorder": "#50cacd",
    "scrollbar.shadow": "#161c1f",
    "scrollbarSlider.activeBackground": "#9a9c9d7f",
    "scrollbarSlider.background": "#65696a7f",
    "scrollbarSlider.hoverBackground": "#8082847f",
    "badge.foreground": "#161c1f",
    "badge.background": "#e6a3dc",
    "progressBar.background": "#5accaf",
    "list.activeSelectionBackground": "#e6a3dc33",
    "list.activeSelectionForeground": "#cfcfcf",
    "list.dropBackground": "#303638",
    "list.focusBackground": "#65696a3f",
    "list.focusForeground": "#cfcfcf",
    "list.highlightForeground": "#e0af85",
    "list.hoverBackground": "#30363833",
    "list.hoverForeground": "#cfcfcf",
    "list.inactiveSelectionBackground": "#4b4f513f",
    "list.inactiveSelectionForeground": "#b5b5b6",
    "list.inactiveFocusBackground": "#3036383f",
    "list.invalidItemForeground": "#efa6a2",
    "list.errorForeground": "#efa6a2",
    "list.warningForeground": "#e0af85",
    "listFilterWidget.background": "#303638",
    "listFilterWidget.outline": "#ccaced",
    "listFilterWidget.noMatchesOutline": "#efa6a2",
    "list.filterMatchBackground": "#e0af8533",
    "list.filterMatchBorder": "#e0af8533",
    "tree.indentGuidesStroke": "#303638",
    "list.deemphasizedForeground": "#808284",
    "activityBar.background": "#161c1f",
    "activityBar.dropBorder": "#ccaced",
    "activityBar.foreground": "#9a9c9d",
    "activityBar.inactiveForeground": "#808284",
    "activityBar.border": "#161c1f",
    "activityBarBadge.background": "#e6a3dc",
    "activityBarBadge.foreground": "#161c1f",
    "activityBar.activeBorder": "#b5b5b6",
    "activityBar.activeBackground": "#30363833",
    "activityBar.activeFocusBorder": "#e6a3dc",
    "sideBar.background": "#161c1f",
    "sideBar.foreground": "#b5b5b6",
    "sideBar.border": "#303638",
    "sideBar.dropBackground": "#3036383f",
    "sideBarTitle.foreground": "#9a9c9d",
    "sideBarSectionHeader.background": "#4b4f51",
    "sideBarSectionHeader.foreground": "#b5b5b6",
    "sideBarSectionHeader.border": "#161c1f",
    "minimap.findMatchHighlight": "#e0af85",
    "minimap.selectionHighlight": "#ccaced80",
    "minimap.errorHighlight": "#efa6a280",
    "minimap.warningHighlight": "#50cacd80",
    "minimap.background": "#161c1f",
    "minimapSlider.background": "#30363833",
    "minimapSlider.hoverBackground": "#4b4f5133",
    "minimapSlider.activeBackground": "#65696a33",
    "minimapGutter.addedBackground": "#5accaf80",
    "minimapGutter.modifiedBackground": "#e0af8580",
    "minimapGutter.deletedBackground": "#efa6a280",
    "editorGroup.border": "#303638",
    "editorGroup.dropBackground": "#4b4f517f",
    "editorGroupHeader.noTabsBackground": "#161c1f",
    "editorGroupHeader.tabsBackground": "#161c1f",
    "editorGroupHeader.tabsBorder": "#161c1f",
    "editorGroupHeader.border": "#161c1f",
    "editorGroup.emptyBackground": "#161c1f",
    "editorGroup.focusedEmptyBorder": "#303638",
    "tab.activeBackground": "#161c1f",
    "tab.unfocusedActiveBackground": "#161c1f",
    "tab.activeForeground": "#b5b5b6",
    "tab.border": "#161c1f",
    "tab.lastPinnedBorder": "#a3b8ef",
    "tab.inactiveBackground": "#303638",
    "tab.unfocusedInactiveBackground": "#303638",
    "tab.inactiveForeground": "#65696a",
    "tab.unfocusedActiveForeground": "#65696a",
    "tab.unfocusedInactiveForeground": "#4b4f51",
    "tab.hoverBackground": "#30363880",
    "tab.unfocusedHoverBackground": "#30363880",
    "tab.hoverForeground": "#9a9c9d",
    "tab.unfocusedHoverForeground": "#808284",
    "tab.activeModifiedBorder": "#e0af85",
    "tab.inactiveModifiedBorder": "#e0af85",
    "tab.unfocusedActiveModifiedBorder": "#e0af85",
    "tab.unfocusedInactiveModifiedBorder": "#e0af85",
    "editorPane.background": "#161c1f",
    "editor.background": "#161c1f",
    "editor.foreground": "#cfcfcf",
    "editorLineNumber.foreground": "#4b4f51",
    "editorLineNumber.activeForeground": "#808284",
    "editorCursor.background": "#161c1f",
    "editorCursor.foreground": "#e6a3dc",
    "editor.selectionBackground": "#ccaced33",
    "editor.selectionForeground": "#cfcfcf",
    "editor.inactiveSelectionBackground": "#ccaced33",
    "editor.selectionHighlightBackground": "#303638",
    "editor.wordHighlightBackground": "#e6a3dc33",
    "editor.wordHighlightStrongBackground": "#a3b8ef33",
    "editor.findMatchBackground": "#e0af853f",
    "editor.findMatchHighlightBackground": "#e0af8533",
    "editor.findRangeHighlightBackground": "#303638",
    "editor.hoverHighlightBackground": "#4b4f517f",
    "editor.lineHighlightBackground": "#161c1f",
    "editor.lineHighlightBorder": "#303638",
    "editorLink.activeForeground": "#74c3e4",
    "editor.rangeHighlightBackground": "#e0af8533",
    "editor.symbolHighlightBackground": "#e6a3dc33",
    "editorWhitespace.foreground": "#303638",
    "editorIndentGuide.background": "#303638",
    "editorIndentGuide.activeBackground": "#4b4f51",
    "editorRuler.foreground": "#303638",
    "editorCodeLens.foreground": "#9a9c9d",
    "editorLightBulb.foreground": "#e0af85",
    "editorLightBulbAutoFix.foreground": "#ccaced",
    "editorBracketMatch.background": "#303638",
    "editorBracketMatch.border": "#4b4f51",
    "editor.foldBackground": "#30363866",
    "editorOverviewRuler.border": "#303638",
    "editorOverviewRuler.findMatchForeground": "#e0af85bf",
    "editorOverviewRuler.rangeHighlightForeground": "#4b4f51bf",
    "editorOverviewRuler.selectionHighlightForeground": "#303638bf",
    "editorOverviewRuler.wordHighlightForeground": "#4b4f51bf",
    "editorOverviewRuler.wordHighlightStrongForeground": "#65696abf",
    "editorOverviewRuler.modifiedForeground": "#e0af857f",
    "editorOverviewRuler.addedForeground": "#5accaf7f",
    "editorOverviewRuler.deletedForeground": "#efa6a27f",
    "editorOverviewRuler.errorForeground": "#efa6a27f",
    "editorOverviewRuler.warningForeground": "#50cacd7f",
    "editorOverviewRuler.infoForeground": "#ccaced7f",
    "editorOverviewRuler.bracketMatchForeground": "#65696a",
    "editorError.foreground": "#efa6a2",
    "editorError.border": "#cfcfcf",
    "editorWarning.foreground": "#50cacd",
    "editorWarning.border": "#b5b5b6",
    "editorInfo.foreground": "#ccaced",
    "editorInfo.border": "#9a9c9d",
    "editorHint.foreground": "#a3b8ef",
    "editorHint.border": "#808284",
    "problemsErrorIcon.foreground": "#efa6a2",
    "problemsWarningIcon.foreground": "#50cacd",
    "problemsInfoIcon.foreground": "#ccaced",
    "editorUnnecessaryCode.opacity": "#0000007f",
    "editorGutter.background": "#161c1f",
    "editorGutter.modifiedBackground": "#e0af85",
    "editorGutter.addedBackground": "#5accaf",
    "editorGutter.deletedBackground": "#efa6a2",
    "editorGutter.commentRangeForeground": "#65696a",
    "editorGutter.foldingControlForeground": "#9a9c9d",
    "diffEditor.insertedTextBackground": "#5accaf20",
    "diffEditor.removedTextBackground": "#efa6a220",
    "diffEditor.border": "#303638",
    "diffEditor.diagonalFill": "#3036387f",
    "editorWidget.foreground": "#b5b5b6",
    "editorWidget.background": "#303638",
    "editorWidget.border": "#303638",
    "editorWidget.resizeBorder": "#ccaced",
    "editorSuggestWidget.background": "#303638",
    "editorSuggestWidget.border": "#303638",
    "editorSuggestWidget.foreground": "#b5b5b6",
    "editorSuggestWidget.highlightForeground": "#a3b8ef",
    "editorSuggestWidget.selectedBackground": "#4b4f51",
    "editorHoverWidget.foreground": "#b5b5b6",
    "editorHoverWidget.background": "#303638",
    "editorHoverWidget.border": "#303638",
    "editorHoverWidget.statusBarBackground": "#ccaced33",
    "debugExceptionWidget.background": "#303638",
    "debugExceptionWidget.border": "#303638",
    "editorMarkerNavigation.background": "#303638",
    "editorMarkerNavigationError.background": "#efa6a2",
    "editorMarkerNavigationWarning.background": "#50cacd",
    "editorMarkerNavigationInfo.background": "#ccaced",
    "peekView.border": "#a3b8ef",
    "peekViewEditor.background": "#3036387f",
    "peekViewEditorGutter.background": "#3036387f",
    "peekViewEditor.matchHighlightBackground": "#e0af857f",
    "peekViewResult.background": "#303638",
    "peekViewResult.fileForeground": "#b5b5b6",
    "peekViewResult.lineForeground": "#4b4f51",
    "peekViewResult.matchHighlightBackground": "#e0af85",
    "peekViewResult.selectionBackground": "#65696a",
    "peekViewResult.selectionForeground": "#cfcfcf",
    "peekViewTitle.background": "#303638",
    "peekViewTitleDescription.foreground": "#9a9c9d",
    "peekViewTitleLabel.foreground": "#cfcfcf",
    "merge.currentHeaderBackground": "#74c3e44c",
    "merge.currentContentBackground": "#74c3e44c",
    "merge.incomingHeaderBackground": "#ccaced4c",
    "merge.incomingContentBackground": "#ccaced4c",
    "merge.border": "#808284",
    "merge.commonContentBackground": "#e6a3dc4c",
    "merge.commonHeaderBackground": "#e6a3dc4c",
    "editorOverviewRuler.currentContentForeground": "#74c3e4",
    "editorOverviewRuler.incomingContentForeground": "#ccaced",
    "editorOverviewRuler.commonContentForeground": "#e6a3dc",
    "panel.background": "#161c1f",
    "panel.border": "#303638",
    "panel.dropBorder": "#ccaced",
    "panelTitle.activeBorder": "#65696a",
    "panelTitle.activeForeground": "#b5b5b6",
    "panelTitle.inactiveForeground": "#808284",
    "panelSection.border": "#303638",
    "panelSection.dropBackground": "#3036383f",
    "panelSectionHeader.background": "#4b4f51",
    "panelSectionHeader.foreground": "#b5b5b6",
    "panelSectionHeader.border": "#161c1f",
    "imagePreview.border": "#303638",
    "statusBar.background": "#ccaced",
    "statusBar.foreground": "#161c1f",
    "statusBar.border": "#161c1f",
    "statusBar.debuggingBackground": "#50cacd",
    "statusBar.debuggingForeground": "#161c1f",
    "statusBar.debuggingBorder": "#161c1f",
    "statusBar.noFolderBackground": "#e6a3dc",
    "statusBar.noFolderForeground": "#161c1f",
    "statusBar.noFolderBorder": "#161c1f",
    "statusBarItem.activeBackground": "#74c3e4",
    "statusBarItem.hoverBackground": "#5accaf",
    "statusBarItem.prominentBackground": "#74c3e4",
    "statusBarItem.prominentHoverBackground": "#5accaf",
    "statusBarItem.remoteBackground": "#74c3e4",
    "statusBarItem.remoteForeground": "#161c1f",
    "statusBarItem.errorBackground": "#efa6a2",
    "statusBarItem.errorForeground": "#161c1f",
    "titleBar.activeBackground": "#161c1f",
    "titleBar.activeForeground": "#9a9c9d",
    "titleBar.inactiveBackground": "#161c1f",
    "titleBar.inactiveForeground": "#65696a",
    "menubar.selectionForeground": "#cfcfcf",
    "menubar.selectionBackground": "#303638",
    "menu.foreground": "#b5b5b6",
    "menu.background": "#161c1f",
    "menu.selectionForeground": "#cfcfcf",
    "menu.selectionBackground": "#303638",
    "menu.separatorBackground": "#4b4f51",
    "notificationCenterHeader.foreground": "#b5b5b6",
    "notificationCenterHeader.background": "#4b4f51",
    "notificationToast.border": "#65696a",
    "notifications.foreground": "#cfcfcf",
    "notifications.background": "#303638",
    "notifications.border": "#65696a",
    "notificationLink.foreground": "#ccaced",
    "notificationsErrorIcon.foreground": "#efa6a2",
    "notificationsWarningIcon.foreground": "#50cacd",
    "notificationsInfoIcon.foreground": "#ccaced",
    "extensionButton.prominentForeground": "#161c1f",
    "extensionButton.prominentBackground": "#ccaced",
    "extensionButton.prominentHoverBackground": "#74c3e4",
    "extensionBadge.remoteBackground": "#a3b8ef",
    "extensionBadge.remoteForeground": "#161c1f",
    "pickerGroup.border": "#4b4f51",
    "pickerGroup.foreground": "#808284",
    "quickInput.background": "#303638",
    "quickInput.foreground": "#cfcfcf",
    "quickInputTitle.background": "#4b4f51",
    "terminal.background": "#161c1f",
    "terminal.foreground": "#b5b5b6",
    "terminal.ansiBlack": "#161c1f",
    "terminal.ansiBlue": "#ccaced",
    "terminal.ansiBrightBlack": "#303638",
    "terminal.ansiBrightBlue": "#ccaced",
    "terminal.ansiBrightCyan": "#74c3e4",
    "terminal.ansiBrightGreen": "#74c3e4",
    "terminal.ansiBrightMagenta": "#a3b8ef",
    "terminal.ansiBrightRed": "#50cacd",
    "terminal.ansiBrightWhite": "#cfcfcf",
    "terminal.ansiBrightYellow": "#e0af85",
    "terminal.ansiCyan": "#74c3e4",
    "terminal.ansiGreen": "#5accaf",
    "terminal.ansiMagenta": "#a3b8ef",
    "terminal.ansiRed": "#efa6a2",
    "terminal.ansiWhite": "#b5b5b6",
    "terminal.ansiYellow": "#e0af85",
    "terminal.selectionBackground": "#ccaced7f",
    "terminalCursor.background": "#303638",
    "terminalCursor.foreground": "#9a9c9d",
    "debugToolBar.background": "#303638",
    "debugToolBar.border": "#4b4f51",
    "editor.stackFrameHighlightBackground": "#74c3e43f",
    "editor.focusedStackFrameHighlightBackground": "#5accaf3f",
    "debugView.exceptionLabelForeground": "#e0af85",
    "debugView.exceptionLabelBackground": "#303638",
    "debugView.stateLabelForeground": "#ccaced",
    "debugView.stateLabelBackground": "#303638",
    "debugView.valueChangedHighlight": "#e0af8533",
    "debugTokenExpression.name": "#ccaced",
    "debugTokenExpression.value": "#cfcfcf",
    "debugTokenExpression.string": "#5accaf",
    "debugTokenExpression.boolean": "#e6a3dc",
    "debugTokenExpression.number": "#a3b8ef",
    "debugTokenExpression.error": "#efa6a2",
    "testing.iconFailed": "#50cacd",
    "testing.iconErrored": "#efa6a2",
    "testing.iconPassed": "#5accaf",
    "testing.runAction": "#ccaced",
    "testing.iconQueued": "#74c3e4",
    "testing.iconUnset": "#9a9c9d",
    "testing.iconSkipped": "#808284",
    "testing.peekBorder": "#65696a",
    "testing.message.error.decorationForeground": "#efa6a2",
    "testing.message.error.lineBackground": "#efa6a23f",
    "testing.message.warning.decorationForeground": "#50cacd",
    "testing.message.warning.lineBackground": "#50cacd3f",
    "testing.message.info.decorationForeground": "#ccaced",
    "testing.message.info.lineBackground": "#ccaced3f",
    "testing.message.hint.decorationForeground": "#a3b8ef",
    "testing.message.hint.lineBackground": "#a3b8ef3f",
    "welcomePage.background": "#161c1f",
    "welcomePage.buttonBackground": "#303638",
    "welcomePage.buttonHoverBackground": "#4b4f51",
    "welcomePage.progress.background": "#ccaced",
    "welcomePage.progress.foreground": "#161c1f",
    "walkThrough.embeddedEditorBackground": "#161c1f",
    "scm.providerBorder": "#4b4f51",
    "gitDecoration.addedResourceForeground": "#5accaf",
    "gitDecoration.modifiedResourceForeground": "#e0af85",
    "gitDecoration.stageModifiedResourceForeground": "#74c3e4",
    "gitDecoration.deletedResourceForeground": "#efa6a2",
    "gitDecoration.stageDeletedResourceForeground": "#efa6a2",
    "gitDecoration.untrackedResourceForeground": "#e6a3dc",
    "gitDecoration.ignoredResourceForeground": "#65696a",
    "gitDecoration.conflictingResourceForeground": "#74c3e4",
    "gitDecoration.submoduleResourceForeground": "#a3b8ef",
    "settings.headerForeground": "#cfcfcf",
    "settings.modifiedItemIndicator": "#74c3e4",
    "settings.dropdownBackground": "#303638",
    "settings.dropdownForeground": "#b5b5b6",
    "settings.dropdownListBorder": "#4b4f51",
    "settings.checkboxBackground": "#ccaced",
    "settings.checkboxForeground": "#161c1f",
    "settings.checkboxBorder": "#ccaced",
    "settings.textInputBackground": "#303638",
    "settings.textInputForeground": "#b5b5b6",
    "settings.numberInputBackground": "#303638",
    "settings.numberInputForeground": "#b5b5b6",
    "settings.focusedRowBackground": "#161c1f",
    "notebook.focusedRowBorder": "#e6a3dc",
    "notebook.rowHoverBackground": "#3036387f",
    "breadcrumb.foreground": "#9a9c9d",
    "breadcrumb.background": "#161c1f",
    "breadcrumb.focusForeground": "#b5b5b6",
    "breadcrumb.activeSelectionForeground": "#cfcfcf",
    "breadcrumbPicker.background": "#161c1f",
    "editor.snippetTabstopHighlightBackground": "#3036387f",
    "editor.snippetFinalTabstopHighlightBackground": "#4b4f517f",
    "symbolIcon.arrayForeground": "#a3b8ef",
    "symbolIcon.booleanForeground": "#e6a3dc",
    "symbolIcon.classForeground": "#ccaced",
    "symbolIcon.colorForeground": "#74c3e4",
    "symbolIcon.constantForeground": "#5accaf",
    "symbolIcon.constructorForeground": "#e6a3dc",
    "symbolIcon.enumeratorForeground": "#74c3e4",
    "symbolIcon.enumeratorMemberForeground": "#ccaced",
    "symbolIcon.eventForeground": "#50cacd",
    "symbolIcon.fieldForeground": "#efa6a2",
    "symbolIcon.fileForeground": "#b5b5b6",
    "symbolIcon.folderForeground": "#9a9c9d",
    "symbolIcon.functionForeground": "#e6a3dc",
    "symbolIcon.interfaceForeground": "#efa6a2",
    "symbolIcon.keyForeground": "#e0af85",
    "symbolIcon.keywordForeground": "#ccaced",
    "symbolIcon.methodForeground": "#74c3e4",
    "symbolIcon.moduleForeground": "#74c3e4",
    "symbolIcon.namespaceForeground": "#ccaced",
    "symbolIcon.nullForeground": "#efa6a2",
    "symbolIcon.numberForeground": "#50cacd",
    "symbolIcon.objectForeground": "#cfcfcf",
    "symbolIcon.operatorForeground": "#efa6a2",
    "symbolIcon.packageForeground": "#50cacd",
    "symbolIcon.propertyForeground": "#74c3e4",
    "symbolIcon.referenceForeground": "#50cacd",
    "symbolIcon.snippetForeground": "#9a9c9d",
    "symbolIcon.stringForeground": "#5accaf",
    "symbolIcon.structForeground": "#ccaced",
    "symbolIcon.textForeground": "#cfcfcf",
    "symbolIcon.typeParameterForeground": "#ccaced",
    "symbolIcon.unitForeground": "#e0af85",
    "symbolIcon.variableForeground": "#50cacd",
    "debugIcon.breakpointForeground": "#efa6a2",
    "debugIcon.breakpointDisabledForeground": "#808284",
    "debugIcon.breakpointUnverifiedForeground": "#9a9c9d",
    "debugIcon.breakpointCurrentStackframeForeground": "#5accaf",
    "debugIcon.breakpointStackframeForeground": "#e0af85",
    "debugIcon.startForeground": "#5accaf",
    "debugIcon.pauseForeground": "#ccaced",
    "debugIcon.stopForeground": "#efa6a2",
    "debugIcon.disconnectForeground": "#50cacd",
    "debugIcon.restartForeground": "#a3b8ef",
    "debugIcon.stepOverForeground": "#cfcfcf",
    "debugIcon.stepIntoForeground": "#cfcfcf",
    "debugIcon.stepOutForeground": "#cfcfcf",
    "debugIcon.continueForeground": "#5accaf",
    "debugIcon.stepBackForeground": "#cfcfcf",
    "debugConsole.infoForeground": "#ccaced",
    "debugConsole.warningForeground": "#50cacd",
    "debugConsole.errorForeground": "#efa6a2",
    "debugConsole.sourceForeground": "#e6a3dc",
    "debugConsoleInputIcon.foreground": "#808284",
    "notebook.cellBorderColor": "#3036383f",
    "notebook.focusedEditorBorder": "#303638",
    "notebookStatusSuccessIcon.foreground": "#5accaf",
    "notebookStatusErrorIcon.foreground": "#efa6a2",
    "notebookStatusRunningIcon.foreground": "#ccaced",
    "notebook.outputContainerBackgroundColor": "#161c1f",
    "notebook.cellToolbarSeparator": "#3036383f",
    "notebook.focusedCellBackground": "#3036387f",
    "notebook.cellHoverBackground": "#3036383f",
    "notebook.focusedCellBorder": "#e6a3dc",
    "notebook.focusedCellShadow": "#0000003f",
    "notebook.selectedCellBorder": "#808284",
    "notebook.cellStatusBarItemHoverBackground": "#3036383f",
    "notebook.cellInsertionIndicator": "#5accaf",
    "notebookScrollbarSlider.background": "#65696a7f",
    "notebookScrollbarSlider.hoverBackground": "#8082847f",
    "notebookScrollbarSlider.activeBackground": "#9a9c9d7f",
    "notebook.symbolHighlightBackground": "#e6a3dc3f",
    "notebook.inactiveFocusedCellBorder": "#9a9c9d",
    "charts.foreground": "#b5b5b6",
    "charts.lines": "#65696a",
    "charts.red": "#efa6a2",
    "charts.blue": "#ccaced",
    "charts.yellow": "#e0af85",
    "charts.orange": "#50cacd",
    "charts.green": "#5accaf",
    "charts.purple": "#e6a3dc"
  },
  "tokenColors": [
    {
      "settings": {
        "background": "#161c1f",
        "foreground": "#b5b5b6",
        "selectionBorder": "#9a9c9d",
        "findHighlight": "#e0af85",
        "findHighlightForeground": "#161c1f",
        "activeGuide": "#50cacd",
        "bracketsForeground": "#b5b5b67F",
        "bracketsOptions": "stippled_underline",
        "bracketsContentsForeground": "#b5b5b67F",
        "tagsOptions": "stippled_underline"
      }
    },
    {
      "name": "Comment",
      "scope": "comment",
      "settings": {
        "foreground": "#65696a"
      }
    },
    {
      "name": "Constant",
      "scope": "constant",
      "settings": {
        "foreground": "#a3b8ef"
      }
    },
    {
      "name": "Entity",
      "scope": "entity",
      "settings": {
        "foreground": "#74c3e4"
      }
    },
    {
      "name": "Invalid",
      "scope": "invalid",
      "settings": {
        "foreground": "#efa6a2"
      }
    },
    {
      "name": "Keyword",
      "scope": "keyword",
      "settings": {
        "foreground": "#e6a3dc"
      }
    },
    {
      "name": "Storage",
      "scope": "storage",
      "settings": {
        "foreground": "#a3b8ef"
      }
    },
    {
      "name": "String",
      "scope": "string",
      "settings": {
        "foreground": "#5accaf"
      }
    },
    {
      "name": "Support",
      "scope": "support",
      "settings": {
        "foreground": "#74c3e4"
      }
    },
    {
      "name": "Variable",
      "scope": "variable",
      "settings": {
        "foreground": "#cfcfcf"
      }
    },
    {
      "name": "Markup Heading",
      "scope": "markup.heading",
      "settings": {
        "foreground": "#74c3e4"
      }
    },
    {
      "name": "Markup Deleted",
      "scope": "markup.deleted",
      "settings": {
        "foreground": "#efa6a2"
      }
    },
    {
      "name": "Markup Inserted",
      "scope": "markup.inserted",
      "settings": {
        "foreground": "#5accaf"
      }
    },
    {
      "name": "Markup Changed",
      "scope": "markup.changed",
      "settings": {
        "foreground": "#e0af85"
      }
    },
    {
      "name": "Markup Underline",
      "scope": "markup.underline",
      "settings": {
        "fontStyle": "underline"
      }
    },
    {
      "name": "Markup Underline Link",
      "scope": "markup.underline.link",
      "settings": {
        "foreground": "#ccaced"
      }
    },
    {
      "name": "Markup List",
      "scope": "markup.list",
      "settings": {
        "foreground": "#cfcfcf"
      }
    },
    {
      "name": "Markup Raw",
      "scope": "markup.raw",
      "settings": {
        "foreground": "#a3b8ef"
      }
    }
  ]
}